,ch1,ch2
0,0.4208984375,0.3988037109375
1,0.4315185546875,0.388671875
2,0.419921875,0.39794921875
3,0.4112548828125,0.41064453125
4,0.3773193359375,0.4432373046875
5,0.4083251953125,0.4136962890625
6,0.4287109375,0.3896484375
7,0.4273681640625,0.39306640625
8,0.3519287109375,0.47021484375
9,0.3590087890625,0.4609375
10,0.39501953125,0.423583984375
11,0.3621826171875,0.458251953125
12,0.447021484375,0.369873046875
13,0.4227294921875,0.3953857421875
14,0.4305419921875,0.3914794921875
15,0.3773193359375,0.445068359375
16,0.347412109375,0.476318359375
17,0.42724609375,0.3917236328125
18,0.413330078125,0.40478515625
19,0.354248046875,0.4683837890625
20,0.33740234375,0.4827880859375
21,0.37255859375,0.4471435546875
22,0.337158203125,0.4857177734375
23,0.3424072265625,0.4801025390625
24,0.359619140625,0.464599609375
25,0.3533935546875,0.466796875
26,0.3717041015625,0.4476318359375
27,0.3875732421875,0.4344482421875
28,0.5010986328125,0.318359375
29,0.414306640625,0.403564453125
30,0.47802734375,0.343994140625
31,0.455322265625,0.360595703125
32,0.47021484375,0.3480224609375
33,0.4459228515625,0.3740234375
34,0.4794921875,0.3399658203125
35,0.4031982421875,0.41845703125
36,0.450927734375,0.3731689453125
37,0.4609375,0.357421875
38,0.4710693359375,0.3494873046875
39,0.447509765625,0.373046875
40,0.45751953125,0.3609619140625
41,0.45166015625,0.3653564453125
42,0.5084228515625,0.3118896484375
43,0.42822265625,0.38818359375
44,0.4461669921875,0.369384765625
45,0.4376220703125,0.3824462890625
46,0.4696044921875,0.3475341796875
47,0.4920654296875,0.3265380859375
48,0.4129638671875,0.406982421875
49,0.3922119140625,0.427001953125
50,0.38525390625,0.43701171875
51,0.363525390625,0.455810546875
52,0.3541259765625,0.46435546875
53,0.38037109375,0.4371337890625
54,0.443115234375,0.3753662109375
55,0.4471435546875,0.3702392578125
56,0.381103515625,0.4405517578125
57,0.36865234375,0.4522705078125
58,0.437744140625,0.3780517578125
59,0.4151611328125,0.40283203125
60,0.3743896484375,0.445068359375
61,0.379150390625,0.4390869140625
62,0.3865966796875,0.4305419921875
63,0.399169921875,0.419921875
64,0.370361328125,0.4505615234375
65,0.3341064453125,0.4862060546875
66,0.343994140625,0.4781494140625
67,0.43310546875,0.38427734375
68,0.4429931640625,0.3756103515625
69,0.3997802734375,0.4190673828125
70,0.457275390625,0.3634033203125
71,0.4229736328125,0.3978271484375
72,0.41162109375,0.405517578125
73,0.4451904296875,0.3736572265625
74,0.4658203125,0.352294921875
75,0.3892822265625,0.4302978515625
76,0.4249267578125,0.3953857421875
77,0.3834228515625,0.4345703125
78,0.3948974609375,0.426025390625
79,0.430908203125,0.38818359375
80,0.4022216796875,0.4171142578125
81,0.3994140625,0.4176025390625
82,0.47705078125,0.3404541015625
83,0.4339599609375,0.3863525390625
84,0.4339599609375,0.3865966796875
85,0.434814453125,0.387451171875
86,0.4259033203125,0.390869140625
87,0.417236328125,0.4014892578125
88,0.4952392578125,0.324951171875
89,0.4595947265625,0.357177734375
90,0.434326171875,0.385498046875
91,0.4495849609375,0.37109375
92,0.5086669921875,0.30859375
93,0.44677734375,0.374267578125
94,0.4329833984375,0.3858642578125
95,0.4654541015625,0.349609375
96,0.5404052734375,0.277099609375
97,0.365966796875,0.45654296875
98,0.4224853515625,0.396484375
99,0.3775634765625,0.4405517578125
100,0.3323974609375,0.4874267578125
101,0.489501953125,0.328125
102,0.4132080078125,0.40576171875
103,0.4375,0.380126953125
104,0.43310546875,0.3831787109375
105,0.422119140625,0.3951416015625
106,0.352783203125,0.4696044921875
107,0.3782958984375,0.4423828125
108,0.344482421875,0.4779052734375
109,0.339599609375,0.480224609375
110,0.3665771484375,0.455078125
111,0.4423828125,0.3775634765625
112,0.3653564453125,0.4573974609375
113,0.3702392578125,0.450439453125
114,0.4381103515625,0.3804931640625
115,0.3450927734375,0.4755859375
116,0.352294921875,0.465576171875
117,0.3818359375,0.437255859375
118,0.361083984375,0.461669921875
119,0.34765625,0.4752197265625
120,0.34228515625,0.4791259765625
121,0.3719482421875,0.4462890625
122,0.3775634765625,0.44189453125
123,0.1744384765625,0.65283203125
124,0.3199462890625,0.501708984375
125,0.373046875,0.444580078125
126,0.3531494140625,0.470947265625
127,0.3890380859375,0.4315185546875
128,0.3548583984375,0.4647216796875
129,0.4180908203125,0.3985595703125
130,0.4588623046875,0.3590087890625
131,0.4405517578125,0.375732421875
132,0.4056396484375,0.412841796875
133,0.4239501953125,0.390380859375
134,0.4185791015625,0.4000244140625
135,0.426025390625,0.3914794921875
136,0.4312744140625,0.38671875
137,0.3951416015625,0.4195556640625
138,0.3753662109375,0.444580078125
139,0.49365234375,0.3203125
140,0.417724609375,0.3974609375
141,0.4368896484375,0.37890625
142,0.4169921875,0.3958740234375
143,0.4102783203125,0.406005859375
144,0.384033203125,0.429443359375
145,0.4171142578125,0.395751953125
146,0.415283203125,0.40087890625
147,0.4285888671875,0.3876953125
148,0.4259033203125,0.3880615234375
149,0.4449462890625,0.370361328125
150,0.418701171875,0.3963623046875
151,0.42724609375,0.3856201171875
152,0.3941650390625,0.41845703125
153,0.403076171875,0.4088134765625
154,0.3875732421875,0.4285888671875
155,0.393798828125,0.420166015625
156,0.3343505859375,0.4815673828125
157,0.419921875,0.3951416015625
158,0.3670654296875,0.4505615234375
159,0.416015625,0.399169921875
160,0.43310546875,0.3817138671875
161,0.341796875,0.4754638671875
162,0.389892578125,0.4251708984375
163,0.4029541015625,0.413818359375
164,0.38720703125,0.42578125
165,0.416259765625,0.395263671875
166,0.3394775390625,0.478271484375
167,0.369140625,0.445068359375
168,0.3917236328125,0.425048828125
169,0.3388671875,0.4786376953125
170,0.4215087890625,0.3935546875
171,0.4200439453125,0.394287109375
172,0.3900146484375,0.4256591796875
173,0.47607421875,0.3360595703125
174,0.3939208984375,0.419677734375
175,0.4205322265625,0.3951416015625
176,0.3583984375,0.4599609375
177,0.438720703125,0.3734130859375
178,0.332275390625,0.4859619140625
179,0.395263671875,0.4210205078125
180,0.3642578125,0.45068359375
181,0.4180908203125,0.3995361328125
182,0.3978271484375,0.423095703125
183,0.4122314453125,0.4027099609375
184,0.443359375,0.369384765625
185,0.4288330078125,0.388916015625
186,0.3975830078125,0.4212646484375
187,0.4169921875,0.3980712890625
188,0.453125,0.363525390625
189,0.421630859375,0.3941650390625
190,0.3760986328125,0.4442138671875
191,0.336181640625,0.4857177734375
192,0.3773193359375,0.43701171875
193,0.384521484375,0.4320068359375
194,0.4058837890625,0.410888671875
195,0.4012451171875,0.416015625
196,0.3953857421875,0.4249267578125
197,0.4404296875,0.37841796875
198,0.3719482421875,0.4488525390625
199,0.398193359375,0.421875
200,0.3760986328125,0.442626953125
201,0.4739990234375,0.3427734375
202,0.46337890625,0.35107421875
203,0.43359375,0.3865966796875
204,0.366455078125,0.453125
205,0.4462890625,0.3721923828125
206,0.4195556640625,0.3985595703125
207,0.4212646484375,0.3966064453125
208,0.4273681640625,0.386962890625
209,0.433837890625,0.3829345703125
210,0.39697265625,0.4239501953125
211,0.387939453125,0.43505859375
212,0.3642578125,0.4564208984375
213,0.361328125,0.458740234375
214,0.4078369140625,0.41064453125
215,0.4578857421875,0.3582763671875
216,0.43212890625,0.384765625
217,0.379638671875,0.439453125
218,0.35009765625,0.4715576171875
219,0.3870849609375,0.4302978515625
220,0.402099609375,0.4156494140625
221,0.407958984375,0.408447265625
222,0.456787109375,0.35888671875
223,0.3531494140625,0.4637451171875
224,0.4312744140625,0.3846435546875
225,0.4599609375,0.3577880859375
226,0.4130859375,0.4014892578125
227,0.3709716796875,0.4451904296875
228,0.3756103515625,0.442626953125
229,0.3756103515625,0.441650390625
230,0.4205322265625,0.396728515625
231,0.44580078125,0.36669921875
232,0.397216796875,0.4173583984375
233,0.4202880859375,0.3944091796875
234,0.3416748046875,0.4752197265625
235,0.4296875,0.3848876953125
236,0.4615478515625,0.3521728515625
237,0.4140625,0.404052734375
238,0.464111328125,0.3516845703125
239,0.43701171875,0.3773193359375
240,0.4290771484375,0.3865966796875
241,0.4332275390625,0.3836669921875
242,0.423583984375,0.3896484375
243,0.4146728515625,0.40234375
244,0.4918212890625,0.3182373046875
245,0.4710693359375,0.3419189453125
246,0.4385986328125,0.3719482421875
247,0.45458984375,0.3602294921875
248,0.443115234375,0.3721923828125
249,0.41845703125,0.3941650390625
250,0.4384765625,0.3758544921875
251,0.446044921875,0.363525390625
252,0.4813232421875,0.3328857421875
253,0.511474609375,0.3031005859375
254,0.46142578125,0.35498046875
255,0.47021484375,0.34521484375
256,0.43798828125,0.3792724609375
257,0.4215087890625,0.3927001953125
258,0.3455810546875,0.475341796875
259,0.3994140625,0.4188232421875
260,0.370849609375,0.4444580078125
261,0.421875,0.3929443359375
262,0.3963623046875,0.4178466796875
263,0.3958740234375,0.4228515625
264,0.4080810546875,0.40625
265,0.4149169921875,0.39892578125
266,0.431396484375,0.3856201171875
267,0.4263916015625,0.387939453125
268,0.4964599609375,0.3148193359375
269,0.4044189453125,0.41162109375
270,0.3974609375,0.4215087890625
271,0.41650390625,0.39892578125
272,0.508056640625,0.302490234375
273,0.4423828125,0.3734130859375
274,0.38916015625,0.4263916015625
275,0.5150146484375,0.2978515625
276,0.4375,0.3770751953125
277,0.3551025390625,0.4638671875
278,0.3997802734375,0.420166015625
279,0.400390625,0.4124755859375
280,0.4700927734375,0.3447265625
281,0.3831787109375,0.4327392578125
282,0.358154296875,0.4613037109375
283,0.4783935546875,0.33544921875
284,0.4658203125,0.3489990234375
285,0.3929443359375,0.424560546875
286,0.3978271484375,0.4205322265625
287,0.4422607421875,0.3734130859375
288,0.4276123046875,0.388427734375
289,0.4384765625,0.3763427734375
290,0.48876953125,0.327880859375
291,0.3763427734375,0.4383544921875
292,0.413818359375,0.399658203125
293,0.4656982421875,0.3504638671875
294,0.4166259765625,0.39990234375
295,0.3914794921875,0.4241943359375
296,0.453125,0.3583984375
297,0.4267578125,0.39013671875
298,0.4378662109375,0.3765869140625
299,0.453125,0.3638916015625
300,0.433349609375,0.3829345703125
301,0.4012451171875,0.4185791015625
302,0.3909912109375,0.4232177734375
303,0.3782958984375,0.439208984375
304,0.4105224609375,0.4091796875
305,0.4287109375,0.3895263671875
306,0.445556640625,0.3707275390625
307,0.41455078125,0.4013671875
308,0.41455078125,0.4010009765625
309,0.438232421875,0.378662109375
310,0.424072265625,0.3936767578125
311,0.418212890625,0.397705078125
312,0.3680419921875,0.451171875
313,0.40771484375,0.4107666015625
314,0.369873046875,0.448486328125
315,0.3941650390625,0.4249267578125
316,0.45703125,0.3558349609375
317,0.42578125,0.3895263671875
318,0.442138671875,0.37109375
319,0.46923828125,0.3419189453125
320,0.43408203125,0.3829345703125
321,0.349853515625,0.4691162109375
322,0.3984375,0.4210205078125
323,0.3883056640625,0.4327392578125
324,0.417236328125,0.4022216796875
325,0.3475341796875,0.47216796875
326,0.4405517578125,0.375244140625
327,0.43017578125,0.3870849609375
328,0.411865234375,0.4022216796875
329,0.3775634765625,0.4425048828125
330,0.42724609375,0.38671875
331,0.4102783203125,0.408447265625
332,0.3585205078125,0.46240234375
333,0.4383544921875,0.3778076171875
334,0.412353515625,0.4039306640625
335,0.400146484375,0.416748046875
336,0.430419921875,0.3883056640625
337,0.3828125,0.4364013671875
338,0.3990478515625,0.4202880859375
339,0.4324951171875,0.387451171875
340,0.4554443359375,0.36083984375
341,0.442626953125,0.3770751953125
342,0.4122314453125,0.4039306640625
343,0.44287109375,0.3748779296875
344,0.4244384765625,0.391845703125
345,0.4208984375,0.3990478515625
346,0.47705078125,0.3377685546875
347,0.4822998046875,0.33154296875
348,0.4268798828125,0.392333984375
349,0.4173583984375,0.3997802734375
350,0.4344482421875,0.3831787109375
351,0.4464111328125,0.3687744140625
352,0.43408203125,0.3824462890625
353,0.406494140625,0.4112548828125
354,0.4283447265625,0.3896484375
355,0.447509765625,0.3709716796875
356,0.373291015625,0.4449462890625
357,0.4190673828125,0.398193359375
358,0.3946533203125,0.42236328125
359,0.4342041015625,0.383056640625
360,0.406005859375,0.411865234375
361,0.432861328125,0.384521484375
362,0.4451904296875,0.37158203125
363,0.3719482421875,0.446044921875
364,0.41796875,0.3961181640625
365,0.386474609375,0.4290771484375
366,0.3616943359375,0.4569091796875
367,0.3978271484375,0.420166015625
368,0.3671875,0.44921875
369,0.3995361328125,0.414306640625
370,0.3331298828125,0.483642578125
371,0.4697265625,0.3421630859375
372,0.4298095703125,0.3836669921875
373,0.432373046875,0.385986328125
374,0.3990478515625,0.4173583984375
375,0.426025390625,0.3880615234375
376,0.39404296875,0.4215087890625
377,0.396484375,0.4189453125
378,0.4378662109375,0.375244140625
379,0.5115966796875,0.300048828125
380,0.4552001953125,0.3563232421875
381,0.4378662109375,0.3785400390625
382,0.449951171875,0.364990234375
383,0.485595703125,0.3289794921875
384,0.3402099609375,0.4774169921875
385,0.4031982421875,0.4129638671875
386,0.4505615234375,0.3614501953125
387,0.44482421875,0.37109375
388,0.41845703125,0.3968505859375
389,0.5162353515625,0.29833984375
390,0.437255859375,0.3758544921875
391,0.4434814453125,0.3677978515625
392,0.4703369140625,0.3411865234375
393,0.4375,0.373779296875
394,0.426513671875,0.384765625
395,0.47021484375,0.343505859375
396,0.434814453125,0.3809814453125
397,0.46044921875,0.35302734375
398,0.4349365234375,0.379638671875
399,0.4307861328125,0.3839111328125
400,0.4752197265625,0.3369140625
401,0.482666015625,0.327392578125
402,0.450927734375,0.3604736328125
403,0.4022216796875,0.412841796875
404,0.4298095703125,0.3809814453125
405,0.445556640625,0.370361328125
406,0.3740234375,0.4439697265625
407,0.3936767578125,0.4217529296875
408,0.3663330078125,0.45068359375
409,0.394287109375,0.4210205078125
410,0.3533935546875,0.46337890625
411,0.45068359375,0.363037109375
412,0.3853759765625,0.4283447265625
413,0.400146484375,0.4136962890625
414,0.37158203125,0.44775390625
415,0.412353515625,0.40234375
416,0.411376953125,0.4036865234375
417,0.4317626953125,0.3828125
418,0.4039306640625,0.40869140625
419,0.478271484375,0.33642578125
420,0.41259765625,0.4019775390625
421,0.443359375,0.3680419921875
422,0.4459228515625,0.366455078125
423,0.437255859375,0.372802734375
424,0.427490234375,0.3863525390625
425,0.4539794921875,0.3607177734375
426,0.400146484375,0.412841796875
427,0.407958984375,0.4051513671875
428,0.4677734375,0.3475341796875
429,0.3795166015625,0.4344482421875
430,0.3555908203125,0.46044921875
431,0.3563232421875,0.45751953125
432,0.431640625,0.3795166015625
433,0.3441162109375,0.4715576171875
434,0.35009765625,0.4642333984375
435,0.374267578125,0.4415283203125
436,0.343017578125,0.4697265625
437,0.3441162109375,0.4705810546875
438,0.3973388671875,0.417236328125
439,0.3424072265625,0.4752197265625
440,0.3138427734375,0.5015869140625
441,0.409912109375,0.4036865234375
442,0.3682861328125,0.4451904296875
443,0.4080810546875,0.4046630859375
444,0.3529052734375,0.460205078125
445,0.406005859375,0.4052734375
446,0.3514404296875,0.466064453125
447,0.3193359375,0.496337890625
448,0.3426513671875,0.4708251953125
449,0.377197265625,0.438232421875
450,0.3673095703125,0.44921875
451,0.3826904296875,0.4295654296875
452,0.38623046875,0.4276123046875
453,0.3974609375,0.4163818359375
454,0.3406982421875,0.4739990234375
455,0.381103515625,0.433837890625
456,0.3914794921875,0.4234619140625
457,0.30859375,0.5101318359375
458,0.3245849609375,0.4886474609375
459,0.3294677734375,0.489013671875
460,0.3583984375,0.457763671875
461,0.3641357421875,0.4500732421875
462,0.345458984375,0.4708251953125
463,0.3502197265625,0.4654541015625
464,0.338623046875,0.474365234375
465,0.3800048828125,0.4324951171875
466,0.3648681640625,0.4498291015625
467,0.4337158203125,0.3756103515625
468,0.4019775390625,0.40869140625
469,0.43896484375,0.3721923828125
470,0.3643798828125,0.4501953125
471,0.3905029296875,0.4244384765625
472,0.41943359375,0.3916015625
473,0.391357421875,0.423095703125
474,0.4085693359375,0.4039306640625
475,0.39697265625,0.416259765625
476,0.4490966796875,0.3642578125
477,0.434814453125,0.377197265625
478,0.4315185546875,0.3818359375
479,0.4246826171875,0.386962890625
480,0.447509765625,0.362548828125
481,0.47216796875,0.338623046875
482,0.392333984375,0.420166015625
483,0.438720703125,0.374755859375
484,0.4564208984375,0.3560791015625
485,0.453125,0.357421875
486,0.38720703125,0.4283447265625
487,0.37060546875,0.44384765625
488,0.4410400390625,0.36865234375
489,0.47021484375,0.3458251953125
490,0.45556640625,0.35791015625
491,0.448974609375,0.363525390625
492,0.4805908203125,0.329833984375
493,0.4471435546875,0.3646240234375
494,0.4453125,0.369384765625
495,0.434814453125,0.379150390625
496,0.4619140625,0.35107421875
497,0.4478759765625,0.36669921875
498,0.4149169921875,0.3968505859375
499,0.4091796875,0.4014892578125
500,0.42919921875,0.3822021484375
501,0.416748046875,0.396484375
502,0.4498291015625,0.36083984375
503,0.4224853515625,0.3912353515625
504,0.4403076171875,0.3714599609375
505,0.4510498046875,0.3607177734375
506,0.435302734375,0.375244140625
507,0.4207763671875,0.3909912109375
508,0.417724609375,0.3948974609375
509,0.4312744140625,0.381591796875
510,0.415771484375,0.3958740234375
511,0.381103515625,0.43603515625
512,0.415771484375,0.39404296875
513,0.3245849609375,0.4881591796875
514,0.340576171875,0.475341796875
515,0.34765625,0.466552734375
516,0.3834228515625,0.42919921875
517,0.4417724609375,0.3739013671875
518,0.3411865234375,0.4718017578125
519,0.395751953125,0.4169921875
520,0.364013671875,0.451171875
521,0.456298828125,0.3564453125
522,0.4017333984375,0.412353515625
523,0.3897705078125,0.425537109375
524,0.38134765625,0.4365234375
525,0.4053955078125,0.4090576171875
526,0.39892578125,0.4139404296875
527,0.4049072265625,0.4073486328125
528,0.4195556640625,0.39599609375
529,0.4114990234375,0.398193359375
530,0.4273681640625,0.3857421875
531,0.38818359375,0.4248046875
532,0.408447265625,0.40869140625
533,0.369873046875,0.4459228515625
534,0.3841552734375,0.4266357421875
535,0.4072265625,0.4049072265625
536,0.3125,0.502685546875
537,0.390625,0.4241943359375
538,0.4189453125,0.3934326171875
539,0.38818359375,0.424072265625
540,0.44482421875,0.3671875
541,0.430908203125,0.3800048828125
542,0.41650390625,0.396484375
543,0.34765625,0.471435546875
544,0.346435546875,0.4686279296875
545,0.422607421875,0.390869140625
546,0.426025390625,0.3851318359375
547,0.4407958984375,0.37158203125
548,0.465576171875,0.3477783203125
549,0.424560546875,0.388916015625
550,0.3861083984375,0.4300537109375
551,0.41796875,0.397705078125
552,0.4224853515625,0.392822265625
553,0.442626953125,0.3724365234375
554,0.3917236328125,0.426025390625
555,0.403564453125,0.4110107421875
556,0.4111328125,0.40380859375
557,0.398193359375,0.4146728515625
558,0.3651123046875,0.4501953125
559,0.3580322265625,0.458740234375
560,0.3829345703125,0.42822265625
561,0.3734130859375,0.4390869140625
562,0.44482421875,0.3677978515625
563,0.36279296875,0.453125
564,0.3121337890625,0.5030517578125
565,0.33837890625,0.47802734375
566,0.309814453125,0.5048828125
567,0.384521484375,0.428955078125
568,0.4029541015625,0.408447265625
569,0.433837890625,0.3765869140625
570,0.3961181640625,0.4149169921875
571,0.3880615234375,0.424560546875
572,0.35400390625,0.45751953125
573,0.3846435546875,0.42578125
574,0.3902587890625,0.4217529296875
575,0.428955078125,0.38037109375
576,0.444091796875,0.3641357421875
577,0.464599609375,0.3446044921875
578,0.395751953125,0.4154052734375
579,0.34814453125,0.4664306640625
580,0.3114013671875,0.5035400390625
581,0.3363037109375,0.4786376953125
582,0.462890625,0.34423828125
583,0.4658203125,0.3446044921875
584,0.419189453125,0.3935546875
585,0.4488525390625,0.361328125
586,0.4195556640625,0.3914794921875
587,0.4808349609375,0.3309326171875
588,0.4361572265625,0.3740234375
589,0.4288330078125,0.3843994140625
590,0.4249267578125,0.38671875
591,0.4324951171875,0.3768310546875
592,0.4281005859375,0.38427734375
593,0.4677734375,0.3426513671875
594,0.4249267578125,0.3865966796875
595,0.414794921875,0.3990478515625
596,0.4266357421875,0.3875732421875
597,0.4183349609375,0.3948974609375
598,0.4627685546875,0.350830078125
599,0.447998046875,0.36376953125
600,0.49560546875,0.313232421875
601,0.4415283203125,0.3681640625
602,0.4259033203125,0.3843994140625
603,0.4935302734375,0.3131103515625
604,0.454833984375,0.3575439453125
605,0.39892578125,0.414306640625
606,0.4168701171875,0.396728515625
607,0.4844970703125,0.3260498046875
608,0.436279296875,0.376953125
609,0.41552734375,0.3956298828125
610,0.44970703125,0.3619384765625
611,0.4637451171875,0.3494873046875
612,0.5018310546875,0.308349609375
613,0.45556640625,0.3568115234375
614,0.446533203125,0.3624267578125
615,0.5042724609375,0.3037109375
616,0.441162109375,0.3704833984375
617,0.4351806640625,0.3775634765625
618,0.46875,0.342041015625
619,0.44189453125,0.3709716796875
620,0.4193115234375,0.3927001953125
621,0.458740234375,0.355712890625
622,0.482666015625,0.3294677734375
623,0.4515380859375,0.36181640625
624,0.4737548828125,0.339599609375
625,0.3995361328125,0.414306640625
626,0.348876953125,0.465576171875
627,0.38916015625,0.42578125
628,0.4129638671875,0.39990234375
629,0.4410400390625,0.370849609375
630,0.42724609375,0.3834228515625
631,0.44677734375,0.3626708984375
632,0.38525390625,0.43017578125
633,0.2857666015625,0.5311279296875
634,0.3255615234375,0.4893798828125
635,0.392578125,0.41943359375
636,0.3089599609375,0.5087890625
637,0.4002685546875,0.4149169921875
638,0.4326171875,0.37841796875
639,0.436767578125,0.3741455078125
640,0.426513671875,0.3856201171875
641,0.3975830078125,0.417236328125
642,0.401123046875,0.409423828125
643,0.4658203125,0.345458984375
644,0.361083984375,0.4581298828125
645,0.49755859375,0.311279296875
646,0.4727783203125,0.3369140625
647,0.4293212890625,0.3829345703125
648,0.447265625,0.364013671875
649,0.4769287109375,0.330810546875
650,0.42578125,0.386474609375
651,0.427490234375,0.3824462890625
652,0.4461669921875,0.3629150390625
653,0.4534912109375,0.3519287109375
654,0.423828125,0.38525390625
655,0.452392578125,0.35400390625
656,0.4874267578125,0.3203125
657,0.4781494140625,0.3262939453125
658,0.456787109375,0.3494873046875
659,0.4906005859375,0.3162841796875
660,0.486083984375,0.3199462890625
661,0.4195556640625,0.388671875
662,0.409423828125,0.397216796875
663,0.39697265625,0.40966796875
664,0.35986328125,0.4501953125
665,0.4139404296875,0.39599609375
666,0.3565673828125,0.452880859375
667,0.4049072265625,0.403076171875
668,0.390625,0.41552734375
669,0.3707275390625,0.4359130859375
670,0.3785400390625,0.4332275390625
671,0.3963623046875,0.413330078125
672,0.3614501953125,0.449951171875
673,0.357666015625,0.452392578125
674,0.3814697265625,0.4268798828125
675,0.363037109375,0.447265625
676,0.43505859375,0.3726806640625
677,0.4271240234375,0.38037109375
678,0.3856201171875,0.4234619140625
679,0.4014892578125,0.4085693359375
680,0.4371337890625,0.374267578125
681,0.376220703125,0.4332275390625
682,0.39404296875,0.416015625
683,0.378173828125,0.4354248046875
684,0.4290771484375,0.379150390625
685,0.39111328125,0.414794921875
686,0.4652099609375,0.339111328125
687,0.4578857421875,0.351806640625
688,0.4566650390625,0.35302734375
689,0.413330078125,0.394287109375
690,0.4501953125,0.35693359375
691,0.4298095703125,0.3775634765625
692,0.3714599609375,0.4390869140625
693,0.398193359375,0.4095458984375
694,0.35009765625,0.457763671875
695,0.4237060546875,0.3853759765625
696,0.419189453125,0.39013671875
697,0.3482666015625,0.46337890625
698,0.330078125,0.4781494140625
699,0.314208984375,0.4991455078125
700,0.4051513671875,0.4049072265625
701,0.41259765625,0.3963623046875
702,0.345458984375,0.4649658203125
703,0.388671875,0.4189453125
704,0.3729248046875,0.4346923828125
705,0.3817138671875,0.427490234375
706,0.44970703125,0.353271484375
707,0.4228515625,0.386962890625
708,0.4376220703125,0.369384765625
709,0.4453125,0.35986328125
710,0.405517578125,0.3988037109375
711,0.38232421875,0.426025390625
712,0.4224853515625,0.382568359375
713,0.4317626953125,0.3746337890625
714,0.364013671875,0.445556640625
715,0.36572265625,0.4420166015625
716,0.410888671875,0.39501953125
717,0.4522705078125,0.3519287109375
718,0.368896484375,0.4359130859375
719,0.421630859375,0.3839111328125
720,0.42236328125,0.383544921875
721,0.4305419921875,0.3751220703125
722,0.4268798828125,0.3807373046875
723,0.3597412109375,0.4521484375
724,0.362060546875,0.447021484375
725,0.3829345703125,0.424072265625
726,0.380126953125,0.4287109375
727,0.317626953125,0.4964599609375
728,0.3848876953125,0.4193115234375
729,0.3603515625,0.4473876953125
730,0.4425048828125,0.3621826171875
731,0.385009765625,0.4229736328125
732,0.43994140625,0.3658447265625
733,0.414306640625,0.39208984375
734,0.425048828125,0.378173828125
735,0.428955078125,0.37646484375
736,0.4036865234375,0.4017333984375
737,0.40380859375,0.405029296875
738,0.462890625,0.3427734375
739,0.459228515625,0.346923828125
740,0.440673828125,0.3646240234375
741,0.449462890625,0.3553466796875
742,0.4775390625,0.3253173828125
743,0.410888671875,0.398193359375
744,0.4359130859375,0.3690185546875
745,0.462158203125,0.339111328125
746,0.4658203125,0.3382568359375
747,0.48583984375,0.31591796875
748,0.450439453125,0.35400390625
749,0.410888671875,0.3983154296875
750,0.4351806640625,0.367919921875
751,0.399658203125,0.4063720703125
752,0.3411865234375,0.4647216796875
753,0.4267578125,0.37744140625
754,0.3446044921875,0.4620361328125
755,0.3563232421875,0.44921875
756,0.352294921875,0.4525146484375
757,0.3831787109375,0.422607421875
758,0.40380859375,0.3997802734375
759,0.387939453125,0.4163818359375
760,0.44775390625,0.356689453125
761,0.449951171875,0.35400390625
762,0.35986328125,0.4449462890625
763,0.3692626953125,0.432861328125
764,0.452392578125,0.350830078125
765,0.3853759765625,0.4207763671875
766,0.2039794921875,0.608642578125
767,0.3701171875,0.432373046875
768,0.3680419921875,0.439208984375
769,0.4290771484375,0.37255859375
770,0.4404296875,0.36279296875
771,0.43115234375,0.3721923828125
772,0.45751953125,0.3441162109375
773,0.3897705078125,0.416259765625
774,0.395263671875,0.408935546875
775,0.41455078125,0.389892578125
776,0.4022216796875,0.4033203125
777,0.43115234375,0.3720703125
778,0.392822265625,0.413818359375
779,0.4132080078125,0.391845703125
780,0.415283203125,0.39111328125
781,0.445556640625,0.3570556640625
782,0.38623046875,0.4183349609375
783,0.3682861328125,0.4383544921875
784,0.4466552734375,0.35546875
785,0.4322509765625,0.372802734375
786,0.37451171875,0.4295654296875
787,0.4000244140625,0.4066162109375
788,0.43994140625,0.3642578125
789,0.450927734375,0.3519287109375
790,0.4156494140625,0.3887939453125
791,0.4080810546875,0.3992919921875
792,0.3948974609375,0.4105224609375
793,0.390625,0.41845703125
794,0.4429931640625,0.3623046875
795,0.4447021484375,0.361083984375
796,0.4088134765625,0.39697265625
797,0.4100341796875,0.3970947265625
798,0.40869140625,0.3968505859375
799,0.4217529296875,0.3826904296875
800,0.4354248046875,0.3712158203125
801,0.40576171875,0.4022216796875
802,0.4317626953125,0.3734130859375
803,0.377685546875,0.4283447265625
804,0.333740234375,0.47607421875
805,0.393310546875,0.411865234375
806,0.3477783203125,0.46533203125
807,0.3865966796875,0.422607421875
808,0.407470703125,0.3992919921875
809,0.3900146484375,0.4193115234375
810,0.3558349609375,0.453125
811,0.404296875,0.40185546875
812,0.3673095703125,0.4429931640625
813,0.4432373046875,0.36376953125
814,0.3651123046875,0.4447021484375
815,0.4095458984375,0.3984375
816,0.408935546875,0.3997802734375
817,0.36181640625,0.4464111328125
818,0.42236328125,0.3837890625
819,0.3839111328125,0.427001953125
820,0.355712890625,0.45263671875
821,0.3687744140625,0.4425048828125
822,0.347412109375,0.4635009765625
823,0.4163818359375,0.392333984375
824,0.401123046875,0.4080810546875
825,0.3917236328125,0.4176025390625
826,0.38427734375,0.42626953125
827,0.376953125,0.4322509765625
828,0.3648681640625,0.447998046875
829,0.3214111328125,0.4873046875
830,0.3795166015625,0.4306640625
831,0.419677734375,0.3870849609375
832,0.4345703125,0.3753662109375
833,0.4371337890625,0.374267578125
834,0.4326171875,0.3768310546875
835,0.4256591796875,0.3829345703125
836,0.4534912109375,0.358154296875
837,0.407958984375,0.397705078125
838,0.3994140625,0.412109375
839,0.404541015625,0.4036865234375
840,0.41796875,0.3885498046875
841,0.4019775390625,0.4052734375
842,0.3416748046875,0.466796875
843,0.406494140625,0.4013671875
844,0.3653564453125,0.442626953125
845,0.339599609375,0.46875
846,0.35546875,0.456298828125
847,0.3623046875,0.44970703125
848,0.3956298828125,0.4114990234375
849,0.419189453125,0.3887939453125
850,0.389404296875,0.420654296875
851,0.4326171875,0.375732421875
852,0.4556884765625,0.351806640625
853,0.357421875,0.4544677734375
854,0.35302734375,0.456787109375
855,0.3814697265625,0.4290771484375
856,0.411865234375,0.3961181640625
857,0.409912109375,0.39599609375
858,0.42333984375,0.3865966796875
859,0.4132080078125,0.398681640625
860,0.4635009765625,0.34521484375
861,0.40869140625,0.3980712890625
862,0.35400390625,0.4571533203125
863,0.40673828125,0.4010009765625
864,0.4161376953125,0.3916015625
865,0.4044189453125,0.4027099609375
866,0.370361328125,0.443603515625
867,0.37255859375,0.4351806640625
868,0.461669921875,0.34326171875
869,0.460205078125,0.34619140625
870,0.4791259765625,0.327880859375
871,0.450927734375,0.35546875
872,0.4705810546875,0.33544921875
873,0.42822265625,0.3818359375
874,0.3929443359375,0.4114990234375
875,0.421142578125,0.38330078125
876,0.463623046875,0.342041015625
877,0.4306640625,0.3770751953125
878,0.4495849609375,0.3558349609375
879,0.37109375,0.4373779296875
880,0.4034423828125,0.4017333984375
881,0.38037109375,0.42529296875
882,0.354248046875,0.4532470703125
883,0.383056640625,0.4249267578125
884,0.364990234375,0.4425048828125
885,0.3720703125,0.436767578125
886,0.3673095703125,0.44384765625
887,0.3714599609375,0.4376220703125
888,0.3707275390625,0.437744140625
889,0.41650390625,0.389404296875
890,0.364013671875,0.4471435546875
891,0.3824462890625,0.426025390625
892,0.3804931640625,0.43017578125
893,0.43408203125,0.37353515625
894,0.399169921875,0.4095458984375
895,0.4097900390625,0.401611328125
896,0.364501953125,0.44677734375
897,0.41015625,0.3994140625
898,0.3731689453125,0.43505859375
899,0.441162109375,0.364013671875
900,0.4365234375,0.3726806640625
901,0.3853759765625,0.4234619140625
902,0.362548828125,0.4498291015625
903,0.398193359375,0.4117431640625
904,0.3551025390625,0.4559326171875
905,0.365966796875,0.443603515625
906,0.38818359375,0.4228515625
907,0.341064453125,0.471435546875
908,0.3673095703125,0.441650390625
909,0.4608154296875,0.3448486328125
910,0.3768310546875,0.4312744140625
911,0.412841796875,0.395263671875
912,0.3515625,0.4615478515625
913,0.35498046875,0.456298828125
914,0.3770751953125,0.4324951171875
915,0.4097900390625,0.399658203125
916,0.419921875,0.38916015625
917,0.4019775390625,0.4063720703125
918,0.440185546875,0.369140625
919,0.4061279296875,0.4034423828125
920,0.412841796875,0.39794921875
921,0.3836669921875,0.4266357421875
922,0.43310546875,0.377685546875
923,0.3681640625,0.4439697265625
924,0.3902587890625,0.419921875
925,0.3634033203125,0.44921875
926,0.4296875,0.3802490234375
927,0.44287109375,0.3670654296875
928,0.44482421875,0.3642578125
929,0.4156494140625,0.3951416015625
930,0.3814697265625,0.4288330078125
931,0.4400634765625,0.3670654296875
932,0.4136962890625,0.39599609375
933,0.3973388671875,0.4100341796875
934,0.3970947265625,0.413330078125
935,0.3502197265625,0.4581298828125
936,0.397705078125,0.4150390625
937,0.416015625,0.3939208984375
938,0.3409423828125,0.471923828125
939,0.3447265625,0.465087890625
940,0.3865966796875,0.4259033203125
941,0.3819580078125,0.4290771484375
942,0.3367919921875,0.4764404296875
943,0.3154296875,0.4990234375
944,0.3798828125,0.4326171875
945,0.3572998046875,0.4559326171875
946,0.3367919921875,0.4754638671875
947,0.43310546875,0.37646484375
948,0.41064453125,0.399169921875
949,0.375,0.4376220703125
950,0.38330078125,0.4266357421875
951,0.422119140625,0.38623046875
952,0.4447021484375,0.3634033203125
953,0.4195556640625,0.3885498046875
954,0.419921875,0.3897705078125
955,0.470947265625,0.3370361328125
956,0.420654296875,0.3890380859375
957,0.4366455078125,0.3720703125
958,0.4400634765625,0.365478515625
959,0.42138671875,0.3895263671875
960,0.4366455078125,0.371826171875
961,0.383056640625,0.42529296875
962,0.4537353515625,0.3560791015625
963,0.44775390625,0.36279296875
964,0.3729248046875,0.4415283203125
965,0.422607421875,0.3876953125
966,0.40380859375,0.405029296875
967,0.41259765625,0.3970947265625
968,0.390625,0.419189453125
969,0.374267578125,0.4371337890625
970,0.4185791015625,0.3907470703125
971,0.40234375,0.4078369140625
972,0.4058837890625,0.40283203125
973,0.4014892578125,0.4078369140625
974,0.4415283203125,0.366455078125
975,0.4130859375,0.3992919921875
976,0.4271240234375,0.384521484375
977,0.3876953125,0.4234619140625
978,0.4326171875,0.375244140625
979,0.423095703125,0.3890380859375
980,0.432861328125,0.373779296875
981,0.450439453125,0.3563232421875
982,0.3475341796875,0.459716796875
983,0.402587890625,0.406982421875
984,0.3511962890625,0.458984375
985,0.3919677734375,0.4158935546875
986,0.39013671875,0.4161376953125
987,0.3428955078125,0.465576171875
988,0.3277587890625,0.4833984375
989,0.3460693359375,0.464111328125
990,0.37890625,0.430908203125
991,0.4010009765625,0.4056396484375
992,0.412841796875,0.39599609375
993,0.3995361328125,0.4039306640625
994,0.3394775390625,0.4688720703125
995,0.3497314453125,0.4593505859375
996,0.31884765625,0.4931640625
997,0.3699951171875,0.440673828125
998,0.3997802734375,0.406982421875
999,0.42041015625,0.3851318359375
